{
  "mean": [
    -7.687435571149979e-06,
    0.0028557654224215887,
    0.002985850137420347,
    -1.5253957815879134e-05,
    -6.218693215014313e-05,
    -0.00036049552956101625
  ],
  "scale": [
    0.003237552121285085,
    0.001529616266951711,
    0.0012489848389038623,
    0.00454915435866529,
    0.00897741747072587,
    0.02184843790027475
  ],
  "feature_names": [
    "returns",
    "vol_rolling_30",
    "vol_rolling_100",
    "returns_1h",
    "returns_4h",
    "returns_24h"
  ]
}