{
  "mean": [
    2.188466686251108e-05,
    0.004568134930303236,
    0.004778026954251055,
    4.4032258822253866e-05,
    0.00017486903066761094,
    0.0010695202603633906
  ],
  "scale": [
    0.005110942310555795,
    0.002283704111526283,
    0.0018071725764280727,
    0.007201910246152819,
    0.0144159669787323,
    0.03647294677519567
  ],
  "feature_names": [
    "returns",
    "vol_rolling_30",
    "vol_rolling_100",
    "returns_1h",
    "returns_4h",
    "returns_24h"
  ]
}